"output_id","image_filename","status","source_path"
"1","5ca45e4c5fe11e4d925b716a7c00d1bcb2f3dd0611ce79aef2f78d1a5142ce6f.jpg","missing",""
"1","6a8276c2ebd9aa9838bfa7197f675c821036f6b8bc8b4e6586f5f31283a6678f.jpg","missing",""
"1","cf8a714514e0e4ccbf8bd9086e08d2219885ecfa581bf9aaf14fe162311f5a8c.jpg","missing",""
"1","d218db9d4816939faa5fefa860145a34487cc58a6712d3283bcbd50d7ca4c3f4.jpg","missing",""
"1044","1ef08827617e42ffe5987342ef38f0235cb01ed05b3fc98e9281c133e397faa5.jpg","missing",""
"1045","72121bc94592937a011c73aeb675cfe78dd68941d6736d69cdf83bf08cf67cf8.jpg","missing",""
"1045","a8d4ab98c336612aef2e9ba6723ec2b2bcedf4a886050d3e84f60f9dc3ff857b.jpg","missing",""
"1045","f48827e27181d5d63b99a5c023ae2d2948f59abf22ab082b51a7a805d7b9d01d.jpg","missing",""
"1046","8262ed939eb093ae63f7888b7bc47759b5733179c76cfbc2bc4bfc1db91094f9.jpg","missing",""
"1046","873cf134baf64cb2eb3dfdf624740588cfeccd45f3a4a5addd68101a9784ad45.jpg","missing",""
"1046","bcc51360c7aef6b038ba1fe33f0b6b413d1c9dc339734ad728b3d3891b770c27.jpg","missing",""
"1046","d26fd44135fad3ef0c92e9c7a711a053740ba4f4519353fcb6426369c72e1be5.jpg","missing",""
"1049","2cec72fddabb358e2f4a137ed03dc848e518d30f04d1c2634b7ecd2c0047f5a3.jpg","missing",""
"1049","555efc4f9766a356d929497e25d9be3d277edc9134f564090493cf0326e977e2.jpg","missing",""
"1049","60eade4705412b38926ad6d913b8d9a428d9543de93f00161d7ea8004d952f94.jpg","missing",""
"1049","76b908ec1c59994f040bb4ac88b63ec7d18e78edc0a3619a062b5dac6b4e0e1e.jpg","missing",""
"1049","81bb8eee3dc4ae88458c7b9a6080041e231864616585bbf8c1befb0f7cf263c4.jpg","missing",""
"1049","a2387fdfbf959e056dcdc3b3ec5061b2f96ba717a2ef4149f9f180f3021caed7.jpg","missing",""
"1049","b8577e02c7b4bf18137057cadd362934035028f99939dd68a6a6189413b73713.jpg","missing",""
"1049","fb81ef4a6574aed12683e3d07718cec05051cac39cee3a09a38307dde20ccc1d.jpg","missing",""
"1050","07b338fc379f98de06093ac2a12dd79855076430b40d8f2c7d646a5d38208973.jpg","missing",""
"1050","63a756624cafd21ed85db0724749ff4ce2f7498927198f384d827afbe0dcf43d.jpg","missing",""
"1050","9bfc41822daa63197a25671940cc05f529fbae8ac4e48e08006eeab64bddb695.jpg","missing",""
"1050","ad4828fdb1d553b81ebec576e9e925e45eadf9bfb1b130ca880e08df92e39cca.jpg","missing",""
"1050","c8d462a885ec82f4671727dbbca4517d24ee5c38cdfc7eace27ca29b076a31ef.jpg","missing",""
"1051","bdc26888ba037b3ec524579d9fc8d4d3610eb5e624304ca01a7fd943f80f3abf.jpg","missing",""
"1052","42e6fbf7e375e460233c2385f7ba69757c404e965acd0df93d28069d40f0986d.jpg","missing",""
"1052","54d41b266fe03b50f9842b9308d847847797ba4afbc2a94ff167e7fcba980423.jpg","missing",""
"1052","69ae55b8f2a54e5796c3e586a3a0baa641316fdb8a52d76ea242665357ca4ba9.jpg","missing",""
"1052","a071283772c87df800d0dfa646532592838785b5f68af8a0dfeea89c588b1d7c.jpg","missing",""
"1052","bd728f9d45ab63484367da2652341c06ab5b2991bd06d83feabc8d90b59cb0ea.jpg","missing",""
"1053","d7347b2840b93876a5b20efa0eace5540d207483ad20cadea3fe33d7168412ef.jpg","missing",""
"1054","418fb0fe4cb72f511ccb03cb5d36d00737334e7baa7a2c67f20a0cff4f654ac8.jpg","missing",""
"1054","da33cdfa41df8839e229d3d79dcf64c9b3dc2aa8c728d3c214ac362bf9bb757a.jpg","missing",""
"1055","06166d9dd0dd7382ec935538449e66b584ad5d925e8094e5b321b9364bc6fad2.jpg","missing",""
"1055","162a42e1c9d2e22132e0be30936d2d7ddb2e3ecc29372947d364ce4786614fd1.jpg","missing",""
"1055","4f2f72d362b2081576f6eea16256dd35bebd8a450202d67445fa9968447aaa19.jpg","missing",""
"1055","ef13dfefb3166f2677a003402363dd9f2d6cabad0ef218085a84a5be6681c4fc.jpg","missing",""
"1055","fd09ba3fb80af5298c3cc514a3e98d3a86365e318d5ec172d13542a675082cf0.jpg","missing",""
"1056","070ba3e5e45bbae7d2f6cb5c46890eb9ea96666516d72023747192bdf7a5ee79.jpg","missing",""
"1056","4cf8ecadf458f8b5189e3376e6c67fe8e28b4af816ae67a8e85f4c45cf3dbd95.jpg","missing",""
"1056","6ade462f2e9078a6315070a7cecca25146549bfacc2ccfcae4d545c0e0d0a7b8.jpg","missing",""
"1056","6dcb7c22c82802466563d0ca8066862fe0e4095c21a2938f0c760e4eac6cfd3c.jpg","missing",""
"1056","b64e957778378ba42ec5d900c1d62e7351466faf38b88b33dc96569175fb5b87.jpg","missing",""
"1056","d36bdeecbfd513d7ffb1a8b4436a0e7429eebb1ccb0b3c79e96106bb427bb353.jpg","missing",""
"1057","15ef4726ed9d93b6cc2ee3ba1e430f0a8516a4a2ea49d11b9d93d65aa0c2b03e.jpg","missing",""
"1057","176af9f3f437890ec421cc82a7683d4a186f1771ddf445ee1f2580e3ee8472f3.jpg","missing",""
"1057","6d6601eb4ca589c8b5a577bdde12ce21ff78887a590dc5783e11f127bc5dbbe6.jpg","missing",""
"1057","85a6cdb05ec6014b79e0727fe119944cf691a459d97c879c1d8e68be8b7cafc8.jpg","missing",""
"1057","a823f0475438f5d6f9943974c1c8bd67121fc7d90ac8ff3a0f5b341124357eee.jpg","missing",""
"1057","ddeb1c950dae22db7508ba1aa2b94bb33250e3bf75de4762b94dfa4b278295f5.jpg","missing",""
"1060","84f662dcae4c85ea1aad2a1595a0ed8283a36b56d7fb5e91829eeedcf029086f.jpg","missing",""
"1060","95ffa9fc3f86014032a2a76cbced154833f0a56f035e16f99407eb4d3b613c74.jpg","missing",""
"7","5ca45e4c5fe11e4d925b716a7c00d1bcb2f3dd0611ce79aef2f78d1a5142ce6f.jpg","missing",""
"7","6a8276c2ebd9aa9838bfa7197f675c821036f6b8bc8b4e6586f5f31283a6678f.jpg","missing",""
"7","cf8a714514e0e4ccbf8bd9086e08d2219885ecfa581bf9aaf14fe162311f5a8c.jpg","missing",""
"7","d218db9d4816939faa5fefa860145a34487cc58a6712d3283bcbd50d7ca4c3f4.jpg","missing",""
